"129400.jpg","white","white","white","white"
"120401.jpg","yellow","yellow","yellow","white"
"132600.jpg","black","cyan","cyan","yellow"
"124701.jpg","red","red","red","red"
"139201.jpg","red","red","red","red"
"117000.jpg","white","yellow","white","white"
"135700.jpg","black","blue","blue","green"
"142801.jpg","cyan","cyan","white","white"
"144901.jpg","cyan","cyan","blue","cyan"
"141703.jpg","white","white","white","white"
"148902.jpg","cyan","cyan","black","blue"
"126601.jpg","green","cyan","green","green"
"109800.jpg","black","red","red","yellow"
"110801.jpg","green","green","green","green"
"126300.jpg","blue","blue","green","green"
"104002.jpg","green","green","green","cyan"
"132102.jpg","red","black","red","red"
"103502.jpg","cyan","green","green","cyan"
"147600.jpg","white","green","green","white"
"109000.jpg","black","red","red","red"
"124000.jpg","cyan","blue","blue","white"
"144902.jpg","blue","cyan","cyan","white"
"139401.jpg","red","red","red","red"
"136000.jpg","yellow","yellow","black","white"
"128300.jpg","black","black","red","red"
"123701.jpg","cyan","cyan","blue","blue"
"133802.jpg","cyan","cyan","green","green"
"136010.jpg","white","black","white","white"
"148600.jpg","white","white","white","green"
"138004.jpg","white","white","white","blue"
"106902.jpg","black","cyan","cyan","green"
"126002.jpg","green","green","white","green"
"126500.jpg","black","yellow","white","yellow"
"147801.jpg","white","white","blue","red"
"119201.jpg","white","red","red","red"
"110901.jpg","white","white","blue","white"
"118100.jpg","red","red","red","red"
"123204.jpg","red","yellow","red","yellow"
"134301.jpg","cyan","blue","white","green"
"136601.jpg","green","white","cyan","cyan"
"113700.jpg","green","white","green","yellow"
"120700.jpg","cyan","blue","white","yellow"
"108800.jpg","black","yellow","white","yellow"
"120701.jpg","cyan","blue","cyan","yellow"
"106604.jpg","white","black","white","white"
"131200.jpg","white","white","white","red"
"141702.jpg","yellow","white","white","white"
"105700.jpg","green","green","yellow","yellow"
"130900.jpg","white","white","white","white"
"118300.jpg","red","red","red","red"
"136007.jpg","white","yellow","green","yellow"
"127201.jpg","black","black","blue","blue"
"144101.jpg","black","red","white","red"
"133401.jpg","white","white","white","green"
"134601.jpg","cyan","cyan","white","black"
"103900.jpg","green","green","cyan","green"
"107000.jpg","green","green","green","green"
"106200.jpg","cyan","cyan","cyan","cyan"
"100400.jpg","green","green","green","green"
"100002.jpg","black","green","white","yellow"
"119700.jpg","blue","cyan","yellow","black"
"138006.jpg","white","white","white","white"
"145401.jpg","yellow","yellow","yellow","yellow"
"113101.jpg","yellow","yellow","yellow","green"
"133200.jpg","green","green","green","green"
"137400.jpg","white","white","black","white"
"112301.jpg","cyan","blue","blue","black"
"110701.jpg","white","white","white","black"
"104902.jpg","white","white","white","white"
"137603.jpg","red","white","cyan","white"
"123200.jpg","red","red","red","white"
"123000.jpg","red","red","white","black"
"126202.jpg","black","white","cyan","cyan"
"114600.jpg","yellow","yellow","yellow","yellow"
"128400.jpg","blue","green","green","cyan"
"137501.jpg","white","yellow","yellow","white"
"138605.jpg","red","white","white","white"
"106100.jpg","yellow","white","white","white"
"116701.jpg","white","white","white","white"
"140100.jpg","white","white","red","yellow"
"136200.jpg","cyan","black","white","cyan"
"147303.jpg","white","white","yellow","cyan"
"136802.jpg","blue","blue","blue","white"
"135302.jpg","green","green","green","green"
"110601.jpg","white","white","black","green"
"131500.jpg","white","red","red","yellow"
"138600.jpg","white","white","white","white"
"101800.jpg","cyan","cyan","cyan","cyan"
"136301.jpg","cyan","black","white","white"
"100700.jpg","black","magenta","blue","red"
"120500.jpg","yellow","yellow","yellow","yellow"
"144700.jpg","black","yellow","yellow","yellow"
"129602.jpg","red","white","red","red"
"146801.jpg","white","white","white","white"
"114801.jpg","yellow","yellow","yellow","white"
"123403.jpg","green","white","white","white"
"118401.jpg","blue","white","white","red"
"129600.jpg","red","yellow","white","blue"
"131102.jpg","white","black","white","red"
"147400.jpg","green","green","green","green"
"138001.jpg","white","white","white","red"
"104700.jpg","white","white","white","white"
"108401.jpg","white","red","red","red"
"121001.jpg","white","red","white","red"
"118001.jpg","blue","red","red","red"
"102901.jpg","blue","yellow","blue","yellow"
"139505.jpg","yellow","yellow","black","yellow"
"141100.jpg","white","white","white","white"
"102302.jpg","green","black","green","green"
"118101.jpg","red","red","red","red"
"128500.jpg","white","green","white","white"
"124402.jpg","red","red","red","white"
"132302.jpg","white","white","white","white"
"111600.jpg","white","white","blue","white"
"145502.jpg","white","black","white","white"
"138201.jpg","white","white","red","white"
"141201.jpg","blue","yellow","yellow","black"
"131100.jpg","red","green","red","white"
"117300.jpg","white","white","cyan","white"
"137103.jpg","white","white","white","white"
"108601.jpg","white","yellow","yellow","yellow"
"134700.jpg","green","green","green","white"
"136401.jpg","cyan","cyan","cyan","cyan"
"131402.jpg","white","black","white","white"
"127500.jpg","black","blue","blue","white"
"125001.jpg","black","green","green","green"
"125401.jpg","black","white","yellow","yellow"
"109201.jpg","red","red","black","red"
"130201.jpg","yellow","yellow","yellow","yellow"
"112400.jpg","green","yellow","blue","white"
"130400.jpg","white","white","white","white"
"138302.jpg","yellow","white","white","red"
"126600.jpg","black","cyan","cyan","green"
"120201.jpg","white","white","white","white"
"118402.jpg","red","black","red","red"
"119202.jpg","white","red","red","red"
"112602.jpg","cyan","green","cyan","cyan"
"136102.jpg","green","green","green","white"
"138704.jpg","yellow","red","red","red"
"122701.jpg","cyan","black","yellow","yellow"
"105802.jpg","yellow","white","red","red"
"107902.jpg","white","green","white","green"
"130303.jpg","green","white","red","red"
"138503.jpg","white","red","white","blue"
"122300.jpg","white","white","white","white"
"127600.jpg","black","black","blue","white"
"116901.jpg","white","yellow","yellow","yellow"
"132505.jpg","white","cyan","red","black"
"137901.jpg","white","white","white","blue"
"119605.jpg","yellow","red","yellow","yellow"
"136600.jpg","cyan","cyan","white","white"
"130500.jpg","white","black","white","white"
"117700.jpg","red","red","yellow","red"
"119703.jpg","blue","white","cyan","black"
"144704.jpg","white","white","black","yellow"
"125600.jpg","white","white","white","cyan"
"136706.jpg","white","white","white","white"
"100401.jpg","green","green","green","green"
"100100.jpg","black","green","white","white"
"145202.jpg","yellow","yellow","white","white"
"118700.jpg","red","red","yellow","red"
"117100.jpg","white","yellow","white","yellow"
"138005.jpg","white","white","white","white"
"111101.jpg","white","white","cyan","cyan"
"122503.jpg","white","black","white","white"
"102802.jpg","white","white","black","white"
"112902.jpg","white","cyan","cyan","black"
"110302.jpg","white","green","yellow","yellow"
"108600.jpg","white","yellow","yellow","yellow"
"139400.jpg","black","red","red","red"
"138602.jpg","white","white","white","white"
"102300.jpg","red","black","green","yellow"
"121404.jpg","black","white","red","white"
"142700.jpg","cyan","cyan","white","cyan"
"116301.jpg","white","yellow","yellow","black"
"143601.jpg","white","white","yellow","white"
"149801.jpg","yellow","white","white","white"
"106000.jpg","yellow","black","white","white"
"107801.jpg","green","white","cyan","white"
"112901.jpg","white","cyan","green","white"
"122400.jpg","black","red","blue","yellow"
"106603.jpg","white","black","white","white"
"111002.jpg","white","white","cyan","cyan"
"107900.jpg","black","white","white","white"
"147401.jpg","green","green","green","yellow"
"133301.jpg","green","black","blue","cyan"
"102402.jpg","green","blue","white","yellow"
"138007.jpg","white","white","black","red"
"131502.jpg","white","red","red","yellow"
"115601.jpg","red","white","white","yellow"
"139600.jpg","yellow","yellow","white","red"
"146400.jpg","white","white","white","white"
"136703.jpg","white","white","white","white"
"126806.jpg","white","black","red","white"
"134201.jpg","white","black","white","cyan"
"105401.jpg","white","black","yellow","yellow"
"149700.jpg","red","yellow","red","yellow"
"131301.jpg","white","white","red","red"
"102800.jpg","white","black","white","green"
"141901.jpg","black","yellow","red","yellow"
"149101.jpg","white","green","white","white"
"105001.jpg","white","white","yellow","cyan"
"149701.jpg","black","red","red","red"
"131603.jpg","white","white","yellow","yellow"
"135201.jpg","green","white","green","yellow"
"134804.jpg","green","green","white","cyan"
"119901.jpg","white","white","white","green"
"119101.jpg","white","white","yellow","cyan"
"131501.jpg","red","white","white","red"
"116802.jpg","white","yellow","red","black"
"138500.jpg","black","red","red","white"
"110401.jpg","red","black","red","red"
"114903.jpg","black","red","yellow","yellow"
"113100.jpg","cyan","black","yellow","yellow"
"103800.jpg","green","green","green","green"
"126703.jpg","black","white","white","red"
"142401.jpg","yellow","yellow","red","red"
"116702.jpg","white","white","white","white"
"111702.jpg","white","green","blue","green"
"110400.jpg","red","red","white","red"
"101500.jpg","white","blue","blue","white"
"116002.jpg","white","white","white","white"
"106702.jpg","white","white","white","white"
"112501.jpg","green","cyan","green","green"
"134300.jpg","cyan","green","green","green"
"102600.jpg","green","green","green","white"
"145102.jpg","white","white","black","white"
"138010.jpg","white","white","white","white"
"103202.jpg","white","black","white","white"
"132504.jpg","white","white","white","red"
"136402.jpg","cyan","cyan","cyan","cyan"
"117001.jpg","cyan","yellow","yellow","yellow"
"146205.jpg","white","white","yellow","black"
"137700.jpg","black","white","red","white"
"113200.jpg","green","white","yellow","green"
"106703.jpg","white","white","white","white"
"124200.jpg","blue","cyan","white","cyan"
"119400.jpg","white","yellow","white","white"
"148601.jpg","white","white","white","white"
"129700.jpg","yellow","black","yellow","yellow"
"127800.jpg","blue","black","white","blue"
"124003.jpg","cyan","cyan","cyan","cyan"
"138008.jpg","white","white","white","red"
"120800.jpg","black","cyan","white","cyan"
"100201.jpg","green","green","white","white"
"131602.jpg","white","white","white","white"
"103401.jpg","green","green","green","green"
"122706.jpg","white","red","white","white"
"125901.jpg","white","blue","white","white"
"119602.jpg","white","white","white","yellow"
"129501.jpg","white","white","green","white"
"114001.jpg","white","white","white","white"
"122502.jpg","white","white","cyan","white"
"116703.jpg","white","yellow","yellow","yellow"
"109301.jpg","red","red","yellow","red"
"121700.jpg","yellow","white","black","white"
"130501.jpg","white","black","cyan","cyan"
"139205.jpg","red","red","red","red"
"103801.jpg","cyan","cyan","cyan","green"
"106900.jpg","black","cyan","green","cyan"
"136103.jpg","cyan","cyan","white","cyan"
"104800.jpg","red","red","red","white"
"114500.jpg","white","white","white","white"
"148300.jpg","white","white","green","green"
"138700.jpg","red","red","red","red"
"115701.jpg","yellow","red","blue","yellow"
"124300.jpg","white","white","red","white"
"105301.jpg","green","black","white","blue"
"112002.jpg","cyan","black","cyan","yellow"
"149400.jpg","blue","white","white","green"
"144402.jpg","black","red","white","white"
"102801.jpg","white","black","white","white"
"112406.jpg","cyan","cyan","cyan","green"
"146901.jpg","white","white","white","white"
"122202.jpg","black","white","yellow","yellow"
"101300.jpg","black","cyan","white","white"
"141803.jpg","cyan","cyan","white","white"
"111703.jpg","white","green","yellow","blue"
"108501.jpg","yellow","yellow","yellow","white"
"125100.jpg","black","red","red","red"
"140801.jpg","white","black","green","yellow"
"108001.jpg","white","black","red","red"
"122402.jpg","black","cyan","white","red"
"142800.jpg","cyan","cyan","black","yellow"
"115400.jpg","blue","yellow","blue","yellow"
"119900.jpg","white","white","white","white"
"119300.jpg","white","blue","white","white"
"129101.jpg","white","white","cyan","cyan"
"104006.jpg","green","green","cyan","green"
"136503.jpg","black","yellow","white","yellow"
"136704.jpg","white","white","white","white"
"136403.jpg","cyan","cyan","cyan","cyan"
"115801.jpg","white","black","yellow","yellow"
"101001.jpg","red","black","white","red"
"108200.jpg","white","yellow","white","yellow"
"134602.jpg","cyan","cyan","white","green"
"100901.jpg","black","blue","red","red"
"129601.jpg","red","red","yellow","yellow"
"116801.jpg","white","yellow","white","cyan"
"143501.jpg","cyan","white","cyan","white"
"149900.jpg","blue","blue","white","white"
"134900.jpg","yellow","yellow","white","blue"
"126402.jpg","black","yellow","yellow","red"
"111301.jpg","white","green","green","white"
"115300.jpg","yellow","yellow","white","yellow"
"136001.jpg","yellow","yellow","green","green"
"147201.jpg","white","white","white","green"
"111900.jpg","cyan","yellow","cyan","green"
"142201.jpg","black","yellow","yellow","yellow"
"149604.jpg","blue","blue","red","white"
"121401.jpg","red","red","red","white"
"118600.jpg","red","white","white","red"
"115001.jpg","white","white","yellow","white"
"148901.jpg","cyan","cyan","cyan","black"
"135003.jpg","green","cyan","green","green"
"126400.jpg","black","white","white","red"
"134703.jpg","green","green","green","green"
"134702.jpg","green","green","green","cyan"
"126803.jpg","black","white","yellow","red"
"115702.jpg","yellow","yellow","blue","yellow"
"135902.jpg","black","white","white","white"
"133202.jpg","cyan","yellow","green","cyan"
"137502.jpg","white","white","yellow","black"
"119200.jpg","white","red","red","red"
"103101.jpg","green","green","green","green"
"137504.jpg","blue","white","white","white"
"138003.jpg","white","white","white","white"
"102100.jpg","blue","blue","red","blue"
"138200.jpg","white","white","white","white"
"111501.jpg","cyan","yellow","green","white"
"120001.jpg","red","black","red","blue"
"143001.jpg","white","white","white","white"
"127200.jpg","black","blue","black","blue"
"119704.jpg","blue","white","white","red"
"114701.jpg","white","yellow","yellow","red"
"136903.jpg","yellow","yellow","black","yellow"
"119301.jpg","blue","white","blue","white"
"127700.jpg","white","cyan","blue","blue"
"146601.jpg","yellow","yellow","yellow","yellow"
"131001.jpg","red","black","red","blue"
"135900.jpg","white","yellow","yellow","yellow"
"116601.jpg","yellow","yellow","red","yellow"
"117802.jpg","blue","red","red","yellow"
"107600.jpg","green","green","green","yellow"
"114900.jpg","white","white","white","white"
"116600.jpg","white","yellow","red","red"
"133300.jpg","cyan","cyan","green","black"
"139204.jpg","red","red","red","red"
"136003.jpg","yellow","yellow","yellow","green"
"122704.jpg","white","red","black","white"
"117402.jpg","blue","blue","yellow","blue"
"134400.jpg","green","white","green","green"
"146700.jpg","white","white","white","white"
"113300.jpg","white","green","white","green"
"136300.jpg","black","blue","white","white"
"131804.jpg","red","red","red","red"
"121701.jpg","yellow","green","yellow","white"
"142301.jpg","white","white","white","white"
"145203.jpg","black","white","white","white"
"124301.jpg","white","white","white","red"
"110802.jpg","green","green","green","green"
"140201.jpg","white","yellow","yellow","green"
"115901.jpg","yellow","black","yellow","blue"
"122901.jpg","white","white","white","yellow"
"141601.jpg","cyan","white","black","white"
"122301.jpg","white","white","white","white"
"106901.jpg","black","cyan","green","cyan"
"123700.jpg","cyan","blue","cyan","blue"
"148003.jpg","green","yellow","green","yellow"
"135200.jpg","yellow","yellow","black","white"
"105000.jpg","yellow","yellow","white","white"
"134401.jpg","green","green","green","green"
"142300.jpg","white","white","white","white"
"108000.jpg","cyan","yellow","white","black"
"112200.jpg","green","yellow","green","yellow"
"122900.jpg","white","green","white","yellow"
"122600.jpg","white","white","white","white"
"144104.jpg","red","red","red","red"
"142901.jpg","white","white","white","white"
"115100.jpg","cyan","blue","yellow","yellow"
"147302.jpg","white","white","white","white"
"100000.jpg","white","green","green","green"
"146000.jpg","white","white","white","yellow"
"142502.jpg","black","white","red","red"
"146303.jpg","red","red","red","red"
"113701.jpg","white","green","yellow","yellow"
"117701.jpg","yellow","red","blue","red"
"149603.jpg","white","green","blue","white"
"135601.jpg","green","green","white","green"
"142200.jpg","black","yellow","yellow","yellow"
"125101.jpg","black","red","red","red"
"137704.jpg","yellow","white","black","white"
"115600.jpg","white","red","white","black"
"118302.jpg","red","red","red","red"
"138702.jpg","red","red","red","red"
"105601.jpg","black","black","white","yellow"
"101801.jpg","cyan","cyan","cyan","cyan"
"127900.jpg","yellow","yellow","blue","blue"
"134802.jpg","white","green","green","green"
"129002.jpg","white","white","white","white"
"102001.jpg","cyan","cyan","cyan","cyan"
"134701.jpg","green","green","green","green"
"127000.jpg","red","red","red","red"
"139101.jpg","white","white","red","red"
"145801.jpg","white","white","white","white"
"132201.jpg","white","yellow","red","red"
"146101.jpg","green","white","green","yellow"
"132511.jpg","cyan","cyan","white","yellow"
"147500.jpg","cyan","cyan","white","cyan"
"109200.jpg","black","yellow","red","yellow"
"135102.jpg","green","green","green","white"
"127403.jpg","black","black","white","red"
"136500.jpg","black","yellow","white","yellow"
"138505.jpg","white","white","white","white"
"146002.jpg","white","white","white","red"
"103600.jpg","cyan","cyan","green","cyan"
"118800.jpg","white","red","red","red"
"139502.jpg","black","yellow","white","yellow"
"126802.jpg","black","red","white","white"
"109402.jpg","red","red","white","red"
"124101.jpg","blue","white","blue","blue"
"116101.jpg","yellow","cyan","white","green"
"134002.jpg","white","white","black","cyan"
"131503.jpg","red","white","red","white"
"139103.jpg","white","white","white","red"
"148603.jpg","white","white","white","green"
"115301.jpg","yellow","yellow","white","yellow"
"138009.jpg","white","white","white","white"
"147000.jpg","white","yellow","yellow","yellow"
"122800.jpg","black","black","white","white"
"131401.jpg","white","black","white","white"
"100300.jpg","green","green","green","green"
"130401.jpg","white","white","white","white"
"148701.jpg","green","green","green","white"
"101900.jpg","cyan","cyan","cyan","cyan"
"141801.jpg","cyan","white","black","white"
"141303.jpg","white","white","black","white"
"140200.jpg","white","yellow","white","yellow"
"135802.jpg","yellow","yellow","green","green"
"144800.jpg","cyan","cyan","green","yellow"
"114301.jpg","white","yellow","green","green"
"103102.jpg","green","green","green","green"
"120901.jpg","black","white","yellow","cyan"
"138905.jpg","white","white","white","white"
"110201.jpg","green","green","white","white"
"130801.jpg","white","white","white","red"
"130301.jpg","red","green","green","white"
"106606.jpg","white","white","white","white"
"111000.jpg","white","cyan","white","white"
"123002.jpg","red","red","magenta","white"
"132900.jpg","red","red","red","red"
"108203.jpg","white","yellow","yellow","yellow"
"137101.jpg","white","white","white","white"
"122102.jpg","white","black","red","white"
"118200.jpg","red","red","red","red"
"139200.jpg","red","red","red","red"
"147502.jpg","cyan","cyan","white","white"
"146402.jpg","white","white","white","white"
"141302.jpg","white","white","white","white"
"139403.jpg","red","red","white","red"
"138308.jpg","white","yellow","yellow","yellow"
"106601.jpg","white","black","white","white"
"143000.jpg","white","green","blue","green"
"104202.jpg","cyan","blue","white","blue"
"143904.jpg","cyan","cyan","cyan","white"
"112300.jpg","black","cyan","green","cyan"
"138904.jpg","white","black","green","white"
"138506.jpg","white","white","red","white"
"103300.jpg","blue","blue","green","blue"
"143700.jpg","white","white","yellow","white"
"105101.jpg","white","black","white","white"
"146003.jpg","green","white","white","white"
"134603.jpg","cyan","cyan","black","white"
"112700.jpg","yellow","yellow","black","white"
"133000.jpg","black","white","white","white"
"147701.jpg","yellow","yellow","yellow","yellow"
"129900.jpg","white","red","red","yellow"
"122500.jpg","white","white","white","white"
"148900.jpg","cyan","cyan","cyan","black"
"120703.jpg","cyan","cyan","white","white"
"135701.jpg","green","blue","blue","green"
"126900.jpg","white","black","red","red"
"146201.jpg","white","red","white","white"
"128601.jpg","black","red","red","red"
"138604.jpg","red","white","red","white"
"112408.jpg","blue","cyan","blue","white"
"116501.jpg","white","red","white","white"
"149000.jpg","red","yellow","blue","yellow"
"121300.jpg","black","red","red","white"
"138802.jpg","white","white","white","white"
"124501.jpg","yellow","red","black","red"
"110000.jpg","white","cyan","cyan","white"
"105800.jpg","yellow","yellow","red","red"
"132700.jpg","magenta","red","magenta","red"
"135401.jpg","white","green","green","green"
"146301.jpg","red","red","red","red"
"106903.jpg","cyan","green","green","cyan"
"110600.jpg","white","white","black","white"
"149300.jpg","blue","white","white","white"
"113900.jpg","red","green","red","green"
"121501.jpg","black","red","yellow","white"
"122203.jpg","green","white","green","green"
"132502.jpg","white","yellow","black","red"
"134502.jpg","green","green","white","green"
"113301.jpg","green","green","white","white"
"147200.jpg","black","white","blue","white"
"130800.jpg","white","white","white","red"
"112100.jpg","yellow","yellow","yellow","yellow"
"114200.jpg","green","black","white","white"
"138703.jpg","red","red","yellow","red"
"114700.jpg","yellow","yellow","yellow","yellow"
"128801.jpg","white","white","white","red"
"113000.jpg","white","white","red","white"
"138202.jpg","white","white","white","blue"
"131800.jpg","red","red","red","white"
"114703.jpg","white","red","red","red"
"117800.jpg","yellow","red","yellow","red"
"120000.jpg","black","blue","blue","white"
"114502.jpg","white","white","white","white"
"107501.jpg","green","green","green","green"
"100900.jpg","black","black","yellow","white"
"127602.jpg","black","cyan","red","white"
"138000.jpg","white","white","white","white"
"136203.jpg","blue","black","white","white"
"145901.jpg","white","white","yellow","black"
"144601.jpg","black","black","white","white"
"123201.jpg","red","yellow","red","red"
"134402.jpg","green","green","green","white"
"118301.jpg","red","red","red","red"
"126001.jpg","green","green","green","white"
"136707.jpg","yellow","white","white","white"
"136502.jpg","black","yellow","yellow","white"
"127402.jpg","black","black","red","red"
"110900.jpg","white","white","blue","white"
"110101.jpg","black","green","green","green"
"122302.jpg","white","black","white","yellow"
"133601.jpg","blue","blue","blue","blue"
"137500.jpg","blue","white","white","white"
"101401.jpg","red","red","red","red"
"106402.jpg","white","cyan","cyan","cyan"
"126702.jpg","black","cyan","white","white"
"147304.jpg","white","green","green","yellow"
"126102.jpg","white","white","white","yellow"
"102000.jpg","cyan","cyan","cyan","cyan"
"124901.jpg","white","yellow","red","white"
"143401.jpg","green","white","yellow","green"
"138303.jpg","white","red","red","white"
"104400.jpg","white","black","green","green"
"116001.jpg","blue","yellow","cyan","yellow"
"134500.jpg","green","green","green","white"
"118303.jpg","red","red","red","red"
"137001.jpg","yellow","yellow","black","white"
"107200.jpg","black","green","green","green"
"116700.jpg","white","white","white","red"
"146405.jpg","white","white","white","yellow"
"102202.jpg","blue","blue","blue","yellow"
"125200.jpg","red","black","red","red"
"142900.jpg","white","white","white","red"
"145700.jpg","white","white","white","green"
"132901.jpg","black","red","black","red"
"112000.jpg","cyan","yellow","yellow","yellow"
"118500.jpg","blue","red","red","red"
"123101.jpg","red","red","cyan","yellow"
"128901.jpg","yellow","blue","yellow","blue"
"123602.jpg","blue","white","cyan","blue"
"115101.jpg","yellow","blue","yellow","blue"
"118901.jpg","cyan","green","cyan","white"
"139701.jpg","white","white","white","red"
"109300.jpg","red","green","yellow","red"
"101701.jpg","cyan","cyan","cyan","green"
"108900.jpg","white","white","red","white"
"132402.jpg","cyan","cyan","cyan","yellow"
"105002.jpg","white","white","yellow","yellow"
"133900.jpg","green","white","white","white"
"134800.jpg","green","green","white","green"
"105900.jpg","white","blue","yellow","yellow"
"100301.jpg","green","green","green","yellow"
"139504.jpg","black","yellow","white","white"
"106401.jpg","cyan","cyan","cyan","cyan"
"107101.jpg","yellow","yellow","black","yellow"
"132507.jpg","white","red","red","white"
"127801.jpg","cyan","blue","blue","blue"
"128501.jpg","white","white","white","green"
"134901.jpg","yellow","yellow","white","blue"
"124001.jpg","blue","white","blue","blue"
"137006.jpg","blue","blue","white","white"
"141401.jpg","black","yellow","yellow","red"
"100902.jpg","black","black","white","red"
"141301.jpg","white","yellow","yellow","white"
"140902.jpg","yellow","yellow","yellow","yellow"
"132000.jpg","cyan","cyan","white","cyan"
"144501.jpg","black","red","red","red"
"140301.jpg","cyan","cyan","yellow","yellow"
"137003.jpg","blue","black","red","white"
"137503.jpg","blue","white","white","black"
"138300.jpg","yellow","red","yellow","yellow"
"130001.jpg","white","white","white","white"
"107203.jpg","yellow","yellow","white","yellow"
"138903.jpg","black","white","green","white"
"104300.jpg","white","white","white","white"
"106101.jpg","yellow","green","yellow","white"
"133002.jpg","black","white","white","white"
"134801.jpg","green","green","green","white"
"104900.jpg","white","white","white","white"
"144103.jpg","white","white","white","red"
"115501.jpg","blue","yellow","blue","yellow"
"148801.jpg","white","white","red","white"
"140803.jpg","green","green","white","green"
"129801.jpg","yellow","white","yellow","yellow"
"112801.jpg","white","white","white","white"
"122100.jpg","blue","cyan","black","cyan"
"113400.jpg","white","black","cyan","cyan"
"125800.jpg","black","black","black","white"
"125201.jpg","red","black","white","yellow"
"114400.jpg","white","yellow","red","yellow"
"115000.jpg","white","green","white","yellow"
"134100.jpg","black","red","red","red"
"116402.jpg","blue","black","yellow","yellow"
"105600.jpg","black","yellow","white","yellow"
"109500.jpg","black","yellow","yellow","yellow"
"147702.jpg","yellow","cyan","yellow","yellow"
"134504.jpg","green","white","green","green"
"124601.jpg","cyan","white","white","white"
"125601.jpg","white","yellow","white","white"
"139404.jpg","red","yellow","red","white"
"119603.jpg","white","yellow","white","yellow"
"103601.jpg","cyan","cyan","cyan","cyan"
"106501.jpg","red","red","red","white"
"139801.jpg","green","yellow","cyan","cyan"
"139104.jpg","white","white","white","red"
"138306.jpg","white","red","red","black"
"137702.jpg","black","white","white","white"
"143200.jpg","red","red","white","yellow"
"128600.jpg","black","red","red","red"
"144201.jpg","white","white","white","red"
"103100.jpg","green","cyan","green","cyan"
"104802.jpg","black","yellow","white","white"
"117301.jpg","white","white","white","blue"
"126000.jpg","green","white","green","blue"
"147202.jpg","black","blue","white","blue"
"112001.jpg","white","yellow","yellow","red"
"137602.jpg","cyan","white","white","cyan"
"123401.jpg","white","white","white","yellow"
"119701.jpg","cyan","cyan","cyan","red"
"102900.jpg","blue","blue","green","green"
"105400.jpg","blue","white","black","yellow"
"146100.jpg","white","yellow","white","green"
"123003.jpg","red","white","red","magenta"
"102200.jpg","cyan","cyan","cyan","white"
"100800.jpg","yellow","white","red","white"
"109100.jpg","white","red","black","red"
"123203.jpg","red","yellow","yellow","yellow"
"126704.jpg","black","white","yellow","white"
"104301.jpg","white","white","white","white"
"140001.jpg","black","cyan","white","cyan"
"131805.jpg","black","red","red","red"
"111500.jpg","cyan","yellow","white","cyan"
"140501.jpg","blue","blue","yellow","cyan"
"103200.jpg","black","white","cyan","white"
"119000.jpg","cyan","white","blue","white"
"132500.jpg","black","white","blue","blue"
"117102.jpg","white","yellow","yellow","yellow"
"137007.jpg","blue","blue","yellow","blue"
"138800.jpg","white","white","white","white"
"149401.jpg","blue","white","green","green"
"139700.jpg","red","white","white","white"
"127300.jpg","black","white","cyan","blue"
"149301.jpg","white","white","white","cyan"
"114402.jpg","white","black","red","yellow"
"148004.jpg","white","cyan","black","yellow"
"109001.jpg","red","black","red","red"
"120400.jpg","white","green","white","yellow"
"100500.jpg","white","cyan","green","green"
"112405.jpg","cyan","cyan","green","cyan"
"103500.jpg","cyan","green","cyan","green"
"116400.jpg","cyan","black","yellow","red"
"124800.jpg","cyan","cyan","blue","cyan"
"100101.jpg","black","green","cyan","cyan"
"136501.jpg","black","red","yellow","white"
"136803.jpg","blue","cyan","blue","white"
"131400.jpg","white","white","white","red"
"101200.jpg","yellow","red","red","red"
"137302.jpg","white","white","red","red"
"104901.jpg","white","white","yellow","white"
"142003.jpg","red","red","yellow","black"
"135300.jpg","green","green","green","green"
"120100.jpg","yellow","yellow","yellow","white"
"120200.jpg","green","yellow","yellow","yellow"
"139001.jpg","yellow","yellow","blue","red"
"118000.jpg","red","red","red","red"
"126805.jpg","red","white","white","blue"
"135402.jpg","green","white","green","green"
"124400.jpg","red","white","red","white"
"129300.jpg","white","white","white","green"
"141700.jpg","white","white","white","white"
"138100.jpg","red","red","red","red"
"128201.jpg","white","white","white","yellow"
"119401.jpg","yellow","white","white","white"
"130102.jpg","white","white","white","white"
"148602.jpg","white","white","white","white"
"138601.jpg","white","white","white","white"
"129201.jpg","white","white","white","white"
"137102.jpg","white","white","white","white"
"109901.jpg","white","white","white","white"
"138012.jpg","white","white","white","white"
"126401.jpg","black","yellow","yellow","yellow"
"149501.jpg","white","white","white","white"
"103000.jpg","blue","cyan","white","white"
"127001.jpg","black","red","red","red"
"121600.jpg","black","cyan","cyan","white"
"119600.jpg","white","white","white","red"
"133602.jpg","blue","blue","blue","blue"
"138900.jpg","yellow","green","white","black"
"126502.jpg","black","yellow","yellow","yellow"
"145402.jpg","yellow","yellow","red","yellow"
"138504.jpg","white","white","blue","white"
"135101.jpg","green","green","green","green"
"111400.jpg","green","yellow","white","green"
"149002.jpg","red","red","red","red"
"137002.jpg","red","red","red","white"
"123800.jpg","blue","blue","blue","white"
"149601.jpg","cyan","blue","white","cyan"
"112800.jpg","white","black","white","white"
"122401.jpg","black","red","blue","yellow"
"143301.jpg","yellow","red","white","yellow"
"138002.jpg","white","white","white","red"
"107901.jpg","green","white","white","green"
"102700.jpg","blue","white","black","blue"
"138309.jpg","white","yellow","yellow","white"
"142600.jpg","red","red","red","yellow"
"112403.jpg","cyan","green","cyan","green"
"146602.jpg","yellow","yellow","yellow","yellow"
"101501.jpg","white","blue","cyan","blue"
"126901.jpg","white","black","red","red"
"130901.jpg","white","black","white","white"
"126705.jpg","black","red","yellow","red"
"111601.jpg","yellow","green","white","blue"
"104100.jpg","yellow","black","yellow","cyan"
"105501.jpg","white","black","white","yellow"
"142500.jpg","white","black","red","white"
"117101.jpg","white","yellow","yellow","red"
"129003.jpg","white","white","white","white"
"132401.jpg","cyan","blue","cyan","yellow"
"122702.jpg","blue","blue","black","red"
"127503.jpg","black","white","white","yellow"
"128200.jpg","white","white","yellow","yellow"
"105200.jpg","yellow","white","white","white"
"106202.jpg","cyan","cyan","cyan","green"
"120601.jpg","black","white","cyan","white"
"128401.jpg","blue","white","white","white"
"115401.jpg","blue","yellow","red","blue"
"122000.jpg","black","cyan","cyan","black"
"135400.jpg","green","white","green","green"
"108701.jpg","red","red","yellow","yellow"
"127802.jpg","blue","blue","cyan","white"
"137801.jpg","black","white","cyan","cyan"
"123600.jpg","blue","cyan","white","white"
"128800.jpg","yellow","white","white","white"
"130100.jpg","red","white","red","white"
"137701.jpg","black","white","white","red"
"126100.jpg","black","yellow","white","yellow"
"144803.jpg","cyan","green","green","yellow"
"121601.jpg","white","black","white","white"
"136801.jpg","white","white","white","white"
"117401.jpg","cyan","blue","white","white"
"101201.jpg","red","green","yellow","red"
"147301.jpg","green","white","white","green"
"118701.jpg","yellow","yellow","yellow","red"
"108902.jpg","black","red","red","yellow"
"136101.jpg","white","white","white","green"
"101101.jpg","red","red","white","red"
"104601.jpg","white","white","black","red"
"149800.jpg","white","yellow","blue","white"
"128002.jpg","green","green","green","green"
"144102.jpg","black","red","white","white"
"109101.jpg","yellow","red","yellow","yellow"
"146600.jpg","yellow","yellow","yellow","white"
"138400.jpg","blue","yellow","white","red"
"149102.jpg","black","white","white","white"
"111200.jpg","yellow","white","white","yellow"
"145101.jpg","white","white","white","white"
"132200.jpg","white","red","yellow","red"
"143802.jpg","white","white","black","white"
"108202.jpg","white","yellow","yellow","white"
"143300.jpg","yellow","white","yellow","white"
"106605.jpg","white","white","white","white"
"130601.jpg","white","white","white","white"
"111701.jpg","white","white","blue","green"
"117600.jpg","cyan","yellow","yellow","yellow"
"106801.jpg","cyan","cyan","cyan","white"
"138708.jpg","red","red","red","yellow"
"138705.jpg","red","red","red","red"
"139303.jpg","yellow","yellow","yellow","yellow"
"125300.jpg","black","red","red","white"
"132701.jpg","red","red","red","yellow"
"103702.jpg","cyan","green","green","green"
"144000.jpg","yellow","yellow","black","red"
"103203.jpg","black","white","white","white"
"101600.jpg","white","white","white","white"
"122709.jpg","white","cyan","black","white"
"127202.jpg","black","black","blue","blue"
"126902.jpg","black","cyan","blue","white"
"108103.jpg","white","yellow","yellow","white"
"133003.jpg","white","black","white","white"
"123402.jpg","white","white","green","green"
"132902.jpg","red","red","black","red"
"139105.jpg","red","red","red","red"
"128701.jpg","white","green","green","white"
"129000.jpg","white","white","yellow","white"
"127701.jpg","cyan","cyan","white","cyan"
"117900.jpg","red","red","red","white"
"124202.jpg","blue","blue","cyan","white"
"145501.jpg","blue","black","black","yellow"
"119604.jpg","green","white","yellow","yellow"
"139501.jpg","yellow","black","yellow","white"
"118400.jpg","red","blue","red","black"
"123601.jpg","blue","white","blue","cyan"
"108201.jpg","yellow","yellow","white","white"
"114901.jpg","white","white","white","white"
"112101.jpg","yellow","yellow","yellow","yellow"
"118900.jpg","blue","white","white","white"
"148203.jpg","white","white","yellow","white"
"148201.jpg","green","yellow","yellow","yellow"
"108105.jpg","white","yellow","yellow","white"
"125802.jpg","black","black","black","black"
"142002.jpg","red","red","yellow","red"
"135502.jpg","cyan","cyan","green","cyan"
"137900.jpg","white","white","cyan","white"
"107500.jpg","green","green","yellow","green"
"114000.jpg","black","white","red","white"
"135104.jpg","green","green","green","green"
"125702.jpg","black","black","black","red"
"147402.jpg","green","green","green","green"
"122501.jpg","white","white","white","black"
"136700.jpg","blue","blue","white","yellow"
"146200.jpg","white","yellow","white","white"
"128700.jpg","green","white","white","white"
"130302.jpg","green","white","white","red"
"139003.jpg","yellow","yellow","blue","green"
"107201.jpg","green","green","green","white"
"110200.jpg","green","green","white","white"
"121402.jpg","black","white","white","red"
"104502.jpg","white","black","yellow","white"
"119501.jpg","blue","white","cyan","yellow"
"116401.jpg","blue","white","yellow","black"
"136805.jpg","blue","blue","white","white"
"136009.jpg","white","green","green","white"
"112201.jpg","yellow","yellow","yellow","green"
"144301.jpg","red","red","red","red"
"146404.jpg","white","white","white","white"
"123404.jpg","white","white","white","yellow"
"129500.jpg","white","yellow","white","white"
"143400.jpg","yellow","white","red","white"
"128000.jpg","green","white","green","green"
"140700.jpg","yellow","yellow","yellow","white"
"134600.jpg","cyan","cyan","white","white"
"131300.jpg","white","yellow","yellow","white"
"146502.jpg","yellow","yellow","white","green"
"115800.jpg","white","black","yellow","yellow"
"141900.jpg","yellow","white","yellow","yellow"
"122801.jpg","black","yellow","white","white"
"104101.jpg","green","green","green","cyan"
"148101.jpg","white","white","white","green"
"139000.jpg","yellow","blue","green","white"
"137800.jpg","black","white","white","white"
"144900.jpg","blue","blue","green","white"
"142302.jpg","white","white","white","white"
"136008.jpg","white","green","green","white"
"101000.jpg","black","red","red","red"
"126800.jpg","white","white","blue","red"
"102301.jpg","black","green","yellow","yellow"
"148501.jpg","green","cyan","green","green"
"107700.jpg","white","cyan","cyan","cyan"
"124801.jpg","cyan","blue","cyan","cyan"
"128100.jpg","green","yellow","yellow","white"
"104600.jpg","white","white","white","white"
"144701.jpg","black","yellow","yellow","yellow"
"106001.jpg","red","white","white","white"
"142000.jpg","red","yellow","yellow","red"
"131601.jpg","white","white","white","white"
"132801.jpg","black","white","white","blue"
"138307.jpg","red","white","white","black"
"138104.jpg","red","red","red","red"
"126200.jpg","white","white","cyan","cyan"
"137300.jpg","red","red","red","red"
"132100.jpg","red","black","red","red"
"147802.jpg","white","white","white","white"
"142501.jpg","red","black","white","red"
"118501.jpg","blue","blue","red","red"
"121201.jpg","white","black","white","white"
"123100.jpg","red","red","yellow","red"
"122707.jpg","blue","blue","white","white"
"118201.jpg","red","red","blue","red"
"109801.jpg","black","red","red","yellow"
"102501.jpg","white","white","white","white"
"102101.jpg","cyan","white","white","cyan"
"129301.jpg","white","white","white","black"
"142400.jpg","yellow","yellow","yellow","yellow"
"124600.jpg","green","white","white","white"
"130200.jpg","yellow","yellow","yellow","white"
"103303.jpg","blue","blue","white","cyan"
"126201.jpg","white","white","blue","blue"
"133400.jpg","green","green","white","green"
"138502.jpg","white","white","white","white"
"117400.jpg","blue","cyan","white","white"
"104001.jpg","green","green","green","cyan"
"129802.jpg","yellow","yellow","yellow","white"
"112407.jpg","cyan","cyan","green","cyan"
"144903.jpg","blue","cyan","cyan","cyan"
"109700.jpg","black","red","red","red"
"136004.jpg","white","black","white","white"
"123400.jpg","white","white","yellow","green"
"123801.jpg","cyan","white","blue","blue"
"121901.jpg","black","cyan","yellow","yellow"
"145900.jpg","white","white","white","white"
"125701.jpg","black","black","black","red"
"108102.jpg","white","yellow","white","yellow"
"118003.jpg","red","red","red","blue"
"146500.jpg","yellow","yellow","yellow","white"
"140300.jpg","cyan","yellow","cyan","yellow"
"129200.jpg","white","white","white","white"
"122708.jpg","white","white","cyan","white"
"139500.jpg","yellow","yellow","black","white"
"139302.jpg","yellow","yellow","yellow","yellow"
"138304.jpg","black","red","yellow","yellow"
"138011.jpg","white","white","white","white"
"133801.jpg","white","green","yellow","white"
"118202.jpg","red","blue","red","red"
"107401.jpg","green","green","green","green"
"141200.jpg","yellow","blue","yellow","yellow"
"137000.jpg","white","red","yellow","red"
"113502.jpg","white","green","white","cyan"
"103001.jpg","blue","cyan","cyan","cyan"
"114503.jpg","white","white","white","white"
"106400.jpg","cyan","cyan","cyan","cyan"
"135501.jpg","cyan","cyan","green","yellow"
"119500.jpg","blue","white","cyan","cyan"
"122700.jpg","yellow","blue","yellow","blue"
"143101.jpg","white","white","cyan","white"
"111401.jpg","green","white","yellow","white"
"102701.jpg","black","blue","white","yellow"
"134001.jpg","white","yellow","white","yellow"
"148800.jpg","white","black","yellow","yellow"
"138902.jpg","green","white","white","black"
"101503.jpg","cyan","white","white","blue"
"109601.jpg","cyan","green","white","white"
"113404.jpg","black","white","white","white"
"148002.jpg","green","yellow","yellow","yellow"
"141000.jpg","white","white","white","black"
"132506.jpg","white","red","black","red"
"140000.jpg","white","black","white","white"
"121301.jpg","cyan","white","blue","white"
"138801.jpg","white","white","white","white"
"106002.jpg","white","blue","black","white"
"139506.jpg","white","black","yellow","white"
"108801.jpg","white","black","red","white"
"136705.jpg","white","white","white","white"
"104401.jpg","white","green","white","white"
"132101.jpg","red","red","black","red"
"125900.jpg","blue","white","white","blue"
"145300.jpg","white","black","yellow","white"
"145803.jpg","white","white","white","white"
"135600.jpg","green","green","white","green"
"121000.jpg","white","white","white","red"
"105103.jpg","white","white","white","black"
"108301.jpg","white","yellow","white","yellow"
"114501.jpg","white","white","white","yellow"
"125501.jpg","green","blue","green","blue"
"120101.jpg","yellow","yellow","yellow","white"
"129100.jpg","white","cyan","white","cyan"
"146207.jpg","yellow","white","yellow","yellow"
"138501.jpg","white","red","white","black"
"148202.jpg","yellow","yellow","yellow","yellow"
"125801.jpg","black","black","black","white"
"133101.jpg","black","green","green","green"
"144300.jpg","white","red","red","white"
"117302.jpg","white","white","white","cyan"
"122101.jpg","cyan","white","white","black"
"107300.jpg","green","cyan","white","green"
"146403.jpg","white","white","white","white"
"135002.jpg","green","cyan","green","green"
"132501.jpg","white","white","black","red"
"139300.jpg","white","yellow","white","yellow"
"144703.jpg","blue","white","yellow","yellow"
"125203.jpg","red","red","red","black"
"107001.jpg","cyan","cyan","cyan","cyan"
"110301.jpg","yellow","yellow","yellow","white"
"114504.jpg","white","white","white","yellow"
"127100.jpg","cyan","cyan","cyan","blue"
"142100.jpg","black","yellow","yellow","white"
"143100.jpg","yellow","green","cyan","yellow"
"108802.jpg","white","yellow","red","yellow"
"109701.jpg","black","red","red","red"
"105100.jpg","white","white","white","white"
"107701.jpg","white","cyan","cyan","cyan"
"120900.jpg","black","cyan","white","yellow"
"105500.jpg","black","yellow","yellow","blue"
"103700.jpg","green","green","green","green"
"144100.jpg","black","red","red","red"
"116200.jpg","blue","white","cyan","white"
"106700.jpg","yellow","black","yellow","yellow"
"128502.jpg","green","white","white","green"
"130101.jpg","white","white","red","white"
"114300.jpg","black","white","green","cyan"
"141802.jpg","blue","white","blue","white"
"102400.jpg","white","green","yellow","white"
"143902.jpg","cyan","cyan","cyan","black"
"100801.jpg","yellow","cyan","white","white"
"114100.jpg","yellow","yellow","white","yellow"
"141300.jpg","white","white","yellow","white"
"101403.jpg","white","red","yellow","red"
"148500.jpg","green","green","green","yellow"
"144802.jpg","yellow","white","blue","green"
"114902.jpg","red","yellow","red","yellow"
"143201.jpg","black","cyan","yellow","white"
"121900.jpg","black","cyan","cyan","yellow"
"146401.jpg","white","white","white","yellow"
"123202.jpg","yellow","yellow","yellow","red"
"147800.jpg","white","green","white","yellow"
"122200.jpg","green","green","white","green"
"116000.jpg","blue","yellow","white","yellow"
"149602.jpg","white","white","white","white"
"116803.jpg","white","white","yellow","black"
"133700.jpg","yellow","yellow","green","yellow"
"124900.jpg","black","white","cyan","red"
"111901.jpg","blue","cyan","white","yellow"
"143702.jpg","white","white","white","yellow"
"111300.jpg","white","green","white","green"
"113801.jpg","white","green","green","green"
"140802.jpg","white","black","yellow","white"
"137004.jpg","white","white","yellow","yellow"
"109501.jpg","yellow","yellow","yellow","yellow"
"110500.jpg","red","red","yellow","white"
"139005.jpg","yellow","yellow","blue","blue"
"101402.jpg","yellow","red","red","white"
"103400.jpg","green","green","green","green"
"139601.jpg","white","yellow","red","red"
"112003.jpg","cyan","yellow","cyan","yellow"
"127400.jpg","black","black","black","black"
"126804.jpg","yellow","yellow","red","black"
"145600.jpg","white","white","white","yellow"
"137601.jpg","blue","white","white","cyan"
"125500.jpg","blue","green","green","blue"
"137200.jpg","black","yellow","yellow","red"
"142001.jpg","yellow","red","yellow","red"
"145200.jpg","white","white","white","white"
"142601.jpg","black","red","red","red"
"104500.jpg","white","white","black","white"
"130701.jpg","white","white","white","white"
"147601.jpg","white","white","white","green"
"149302.jpg","yellow","white","blue","white"
"121400.jpg","yellow","red","red","white"
"117201.jpg","white","white","white","white"
"143901.jpg","cyan","white","cyan","cyan"
"111800.jpg","white","yellow","white","blue"
"139004.jpg","yellow","yellow","blue","red"
"122601.jpg","white","black","yellow","white"
"147700.jpg","yellow","yellow","yellow","white"
"138102.jpg","red","red","red","red"
"114702.jpg","yellow","white","yellow","yellow"
"139102.jpg","yellow","red","yellow","red"
"104200.jpg","blue","blue","cyan","blue"
"107202.jpg","green","green","white","green"
"137100.jpg","white","white","white","white"
"103204.jpg","white","green","white","green"
"100001.jpg","green","white","green","green"
"146701.jpg","white","white","white","yellow"
"129001.jpg","green","white","green","yellow"
"113600.jpg","white","white","green","green"
"116800.jpg","white","yellow","cyan","yellow"
"120801.jpg","white","black","cyan","cyan"
"136201.jpg","blue","white","white","black"
"123001.jpg","red","red","white","red"
"145500.jpg","blue","white","white","black"
"145601.jpg","white","white","white","white"
"138305.jpg","black","red","yellow","white"
"104005.jpg","green","green","yellow","green"
"107400.jpg","green","green","green","green"
"139603.jpg","white","yellow","white","red"
"103301.jpg","blue","blue","white","black"
"148001.jpg","green","blue","green","green"
"143803.jpg","black","white","white","white"
"133501.jpg","cyan","green","white","green"
"135703.jpg","white","green","white","white"
"130600.jpg","white","white","yellow","white"
"132509.jpg","white","red","red","cyan"
"133901.jpg","white","green","white","white"
"100501.jpg","white","green","green","cyan"
"106602.jpg","white","white","cyan","white"
"146203.jpg","green","white","white","white"
"144801.jpg","green","green","white","cyan"
"110300.jpg","white","white","white","white"
"137401.jpg","blue","white","white","yellow"
"126501.jpg","black","white","yellow","blue"
"104402.jpg","white","black","green","white"
"100601.jpg","black","red","red","red"
"107702.jpg","white","cyan","white","cyan"
"110100.jpg","green","black","yellow","green"
"119800.jpg","cyan","cyan","white","white"
"141600.jpg","white","white","white","white"
"141704.jpg","white","white","white","white"
"111801.jpg","white","yellow","cyan","yellow"
"126700.jpg","black","white","white","blue"
"138103.jpg","red","red","red","red"
"118002.jpg","blue","red","red","red"
"135103.jpg","green","green","white","green"
"121200.jpg","black","blue","blue","blue"
"133201.jpg","green","white","cyan","cyan"
"144302.jpg","red","red","red","red"
"147602.jpg","white","white","white","white"
"125000.jpg","white","green","green","black"
"136400.jpg","cyan","black","white","cyan"
"107100.jpg","yellow","yellow","yellow","yellow"
"102201.jpg","white","blue","blue","cyan"
"109600.jpg","white","green","white","cyan"
"120501.jpg","yellow","white","black","white"
"104003.jpg","green","green","yellow","green"
"146300.jpg","yellow","red","red","red"
"138507.jpg","white","yellow","white","white"
"149201.jpg","red","white","red","white"
"108700.jpg","red","yellow","black","white"
"122703.jpg","cyan","black","yellow","red"
"113800.jpg","white","yellow","red","white"
"149901.jpg","white","white","white","white"
"145002.jpg","cyan","cyan","white","cyan"
"124100.jpg","blue","white","cyan","blue"
"133600.jpg","blue","blue","blue","blue"
"109401.jpg","red","red","red","red"
"143500.jpg","white","cyan","white","cyan"
"135001.jpg","green","green","cyan","cyan"
"106701.jpg","white","white","white","white"
"132301.jpg","white","white","black","white"
"104004.jpg","green","yellow","yellow","green"
"121101.jpg","cyan","cyan","cyan","cyan"
"101502.jpg","cyan","cyan","white","white"
"118803.jpg","red","red","white","red"
"127401.jpg","black","black","red","red"
"127501.jpg","black","blue","white","blue"
"101504.jpg","cyan","blue","white","blue"
"133701.jpg","yellow","yellow","green","green"
"140503.jpg","black","yellow","yellow","yellow"
"116500.jpg","white","white","black","white"
"144804.jpg","blue","white","blue","white"
"123500.jpg","black","red","white","cyan"
"113601.jpg","white","yellow","black","yellow"
"146204.jpg","white","white","white","white"
"128301.jpg","black","black","black","red"
"113403.jpg","white","white","black","white"
"110800.jpg","green","green","green","green"
"140500.jpg","white","blue","blue","yellow"
"147103.jpg","white","white","white","green"
"128900.jpg","yellow","yellow","white","blue"
"131802.jpg","black","red","yellow","yellow"
"145902.jpg","white","black","white","yellow"
"149100.jpg","white","yellow","white","white"
"144600.jpg","white","white","red","white"
"117500.jpg","white","white","white","white"
"131700.jpg","red","red","red","black"
"123501.jpg","black","cyan","yellow","cyan"
"112404.jpg","green","cyan","cyan","cyan"
"133702.jpg","white","yellow","white","yellow"
"147603.jpg","white","white","yellow","white"
"103302.jpg","blue","cyan","white","white"
"126701.jpg","black","blue","white","white"
"147900.jpg","red","yellow","red","yellow"
"139901.jpg","yellow","yellow","yellow","cyan"
"112900.jpg","white","cyan","black","yellow"
"100302.jpg","green","green","green","green"
"134604.jpg","white","cyan","cyan","cyan"
"119801.jpg","cyan","cyan","white","white"
"117601.jpg","cyan","green","yellow","green"
"132503.jpg","black","white","blue","white"
"110501.jpg","red","red","red","white"
"133800.jpg","green","white","green","cyan"
"136505.jpg","black","yellow","yellow","yellow"
"114800.jpg","white","yellow","yellow","yellow"
"124002.jpg","cyan","cyan","cyan","blue"
"136804.jpg","blue","blue","white","white"
"128101.jpg","white","yellow","white","yellow"
"148000.jpg","green","yellow","white","green"
"138901.jpg","black","green","yellow","yellow"
"106301.jpg","green","white","green","cyan"
"139203.jpg","black","red","red","red"
"103503.jpg","cyan","green","green","cyan"
"129800.jpg","yellow","yellow","white","white"
"104801.jpg","white","white","white","white"
"112500.jpg","cyan","cyan","cyan","white"
"125202.jpg","black","red","red","white"
"124302.jpg","white","white","white","cyan"
"148301.jpg","green","green","green","green"
"105300.jpg","white","white","yellow","green"
"104201.jpg","blue","blue","blue","blue"
"104501.jpg","white","black","yellow","yellow"
"146900.jpg","green","green","white","white"
"120600.jpg","cyan","black","yellow","yellow"
"137802.jpg","black","white","cyan","cyan"
"108101.jpg","white","yellow","yellow","white"
"111201.jpg","yellow","yellow","green","green"
"134200.jpg","black","cyan","white","white"
"105901.jpg","black","white","blue","white"
"108300.jpg","white","yellow","yellow","yellow"
"106600.jpg","white","cyan","cyan","white"
"140901.jpg","yellow","yellow","yellow","yellow"
"101100.jpg","red","white","red","red"
"129401.jpg","white","black","white","white"
"106403.jpg","cyan","cyan","cyan","cyan"
"149200.jpg","white","white","white","red"
"103701.jpg","green","green","green","green"
"143801.jpg","white","yellow","black","white"
"130700.jpg","white","white","yellow","red"
"126101.jpg","yellow","white","white","yellow"
"147501.jpg","white","white","cyan","cyan"
"125400.jpg","yellow","yellow","yellow","yellow"
"103304.jpg","black","cyan","white","blue"
"132400.jpg","cyan","cyan","black","yellow"
"121801.jpg","white","white","white","black"
"131201.jpg","white","red","white","red"
"138803.jpg","white","white","white","white"
"113401.jpg","white","white","white","white"
"136100.jpg","black","white","white","white"
"136005.jpg","white","white","white","yellow"
"111700.jpg","white","yellow","yellow","blue"
"131801.jpg","black","red","red","yellow"
"143900.jpg","cyan","cyan","cyan","cyan"
"124500.jpg","red","white","yellow","yellow"
"134403.jpg","green","green","green","green"
"139100.jpg","red","red","yellow","red"
"119601.jpg","white","red","white","red"
"145100.jpg","yellow","yellow","yellow","black"
"135503.jpg","cyan","cyan","cyan","black"
"100701.jpg","black","blue","blue","magenta"
"115900.jpg","blue","blue","yellow","yellow"
"139301.jpg","yellow","yellow","yellow","yellow"
"141500.jpg","yellow","red","white","white"
"134000.jpg","white","yellow","yellow","white"
"134803.jpg","green","green","cyan","green"
"114201.jpg","white","green","green","white"
"125301.jpg","black","yellow","green","green"
"137600.jpg","yellow","green","yellow","cyan"
"125102.jpg","black","red","red","red"
"103901.jpg","green","green","green","green"
"123901.jpg","blue","blue","blue","blue"
"123300.jpg","yellow","yellow","yellow","red"
"103201.jpg","black","cyan","green","yellow"
"146302.jpg","red","red","red","red"
"136800.jpg","white","white","blue","white"
"102500.jpg","white","white","white","white"
"125700.jpg","black","black","black","red"
"101301.jpg","black","white","white","black"
"127101.jpg","cyan","cyan","blue","cyan"
"135301.jpg","green","green","green","green"
"112601.jpg","black","white","cyan","green"
"117200.jpg","white","white","white","white"
"143600.jpg","white","white","yellow","white"
"145000.jpg","white","cyan","cyan","cyan"
"121800.jpg","blue","black","cyan","cyan"
"101601.jpg","white","white","white","white"
"122002.jpg","yellow","cyan","white","yellow"
"138701.jpg","red","red","yellow","red"
"111100.jpg","white","white","cyan","white"
"106704.jpg","white","white","white","white"
"132510.jpg","black","white","cyan","white"
"141701.jpg","white","white","white","white"
"135702.jpg","yellow","blue","blue","white"
"118601.jpg","red","white","red","white"
"144702.jpg","white","black","yellow","red"
"124700.jpg","red","red","red","blue"
"112600.jpg","white","black","green","yellow"
"135901.jpg","white","yellow","black","white"
"105201.jpg","white","white","white","white"
"123900.jpg","blue","blue","white","blue"
"101901.jpg","green","white","white","white"
"106500.jpg","red","red","red","yellow"
"138101.jpg","red","red","red","white"
"139900.jpg","cyan","yellow","yellow","cyan"
"120300.jpg","white","green","white","white"
"138105.jpg","red","red","red","white"
"142101.jpg","black","red","yellow","white"
"117901.jpg","red","red","red","red"
"144200.jpg","red","white","red","red"
"113901.jpg","white","yellow","yellow","yellow"
"145003.jpg","cyan","cyan","cyan","black"
"146501.jpg","yellow","yellow","yellow","green"
"108400.jpg","white","red","red","white"
"119100.jpg","blue","red","red","red"
"139402.jpg","red","red","red","red"
"101700.jpg","cyan","cyan","cyan","green"
"136900.jpg","yellow","yellow","yellow","yellow"
"140600.jpg","white","cyan","white","white"
"115602.jpg","yellow","white","yellow","red"
"146800.jpg","white","white","white","white"
"105801.jpg","yellow","yellow","red","white"
"143800.jpg","white","black","yellow","white"
"120702.jpg","cyan","white","yellow","white"
"113500.jpg","green","white","green","white"
"122201.jpg","white","yellow","green","white"
"109400.jpg","red","red","red","red"
"108500.jpg","yellow","white","yellow","yellow"
"140701.jpg","yellow","yellow","yellow","yellow"
"138707.jpg","red","red","red","red"
"104000.jpg","green","yellow","green","cyan"
"140101.jpg","black","yellow","white","red"
"127601.jpg","black","blue","white","red"
"116100.jpg","cyan","white","white","green"
"102601.jpg","green","green","green","green"
"123301.jpg","yellow","yellow","red","red"
"104701.jpg","white","white","white","white"
"135800.jpg","yellow","green","yellow","green"
"131101.jpg","white","black","white","yellow"
"147001.jpg","white","yellow","yellow","red"
"147100.jpg","cyan","cyan","green","green"
"116201.jpg","blue","white","yellow","white"
"136902.jpg","black","yellow","white","white"
"126807.jpg","black","white","white","yellow"
"145800.jpg","white","white","white","yellow"
"116300.jpg","yellow","white","red","white"
"117403.jpg","blue","cyan","white","yellow"
"124802.jpg","cyan","cyan","cyan","cyan"
"147300.jpg","green","white","white","green"
"138706.jpg","red","red","red","red"
"106201.jpg","cyan","cyan","cyan","green"
"145400.jpg","red","white","red","yellow"
"121100.jpg","cyan","cyan","cyan","black"
"105102.jpg","white","black","white","yellow"
"122602.jpg","white","white","black","white"
"118801.jpg","white","red","red","red"
"131701.jpg","yellow","black","yellow","red"
"110702.jpg","cyan","white","white","white"
"117801.jpg","blue","yellow","red","yellow"
"133500.jpg","white","cyan","cyan","green"
"112701.jpg","white","yellow","white","white"
"144400.jpg","red","red","black","white"
"103501.jpg","green","cyan","cyan","green"
"135500.jpg","cyan","cyan","green","cyan"
"133100.jpg","green","green","white","white"
"141800.jpg","black","white","white","white"
"132300.jpg","black","white","white","white"
"132303.jpg","white","white","white","white"
"139602.jpg","white","yellow","yellow","green"
"131901.jpg","blue","cyan","green","blue"
"136002.jpg","yellow","yellow","yellow","yellow"
"115200.jpg","blue","yellow","white","yellow"
"107601.jpg","green","green","green","green"
"101400.jpg","yellow","red","yellow","red"
"145701.jpg","yellow","yellow","yellow","white"
"137005.jpg","blue","blue","cyan","yellow"
"131600.jpg","white","white","white","white"
"137301.jpg","red","blue","white","red"
"140800.jpg","green","green","green","yellow"
"103002.jpg","blue","blue","white","green"
"105701.jpg","green","white","green","white"
"111001.jpg","white","cyan","cyan","white"
"109900.jpg","white","white","white","white"
"140502.jpg","cyan","cyan","yellow","black"
"130300.jpg","black","yellow","red","yellow"
"105104.jpg","white","white","white","white"
"123205.jpg","red","red","red","white"
"149902.jpg","blue","blue","white","white"
"149001.jpg","red","red","red","red"
"141304.jpg","yellow","black","white","white"
"136504.jpg","black","yellow","white","yellow"
"106800.jpg","cyan","white","cyan","cyan"
"135000.jpg","green","green","cyan","green"
"126301.jpg","blue","green","green","yellow"
"133703.jpg","yellow","yellow","yellow","yellow"
"100502.jpg","cyan","cyan","green","green"
"145201.jpg","black","white","white","white"
"124201.jpg","blue","white","blue","cyan"
"134605.jpg","cyan","cyan","white","green"
"124401.jpg","white","red","white","white"
"119203.jpg","white","cyan","red","white"
"140601.jpg","white","cyan","white","white"
"144001.jpg","yellow","white","yellow","white"
"148100.jpg","white","white","green","white"
"144401.jpg","red","black","white","white"
"147102.jpg","white","cyan","white","green"
"101702.jpg","white","white","white","green"
"115500.jpg","blue","yellow","black","yellow"
"145802.jpg","white","cyan","white","white"
"100600.jpg","black","red","red","red"
"145001.jpg","white","cyan","cyan","cyan"
"113201.jpg","green","green","cyan","green"
"136006.jpg","white","white","white","yellow"
"149500.jpg","white","white","white","cyan"
"145301.jpg","white","white","black","white"
"134003.jpg","white","red","yellow","white"
"116900.jpg","yellow","white","white","yellow"
"132601.jpg","white","white","cyan","cyan"
"130000.jpg","white","white","blue","white"
"115700.jpg","yellow","yellow","yellow","blue"
"139503.jpg","yellow","yellow","black","yellow"
"141400.jpg","yellow","yellow","black","white"
"149600.jpg","blue","white","green","green"
"120301.jpg","yellow","yellow","yellow","white"
"134501.jpg","white","white","white","green"
"139002.jpg","yellow","yellow","blue","blue"
"141101.jpg","white","white","white","yellow"
"148401.jpg","black","white","white","white"
"108901.jpg","black","red","red","red"
"143903.jpg","white","white","black","yellow"
"143701.jpg","white","white","white","yellow"
"146102.jpg","yellow","yellow","yellow","yellow"
"142701.jpg","cyan","blue","cyan","cyan"
"107800.jpg","cyan","white","white","cyan"
"110700.jpg","white","white","white","white"
"104203.jpg","white","white","blue","white"
"142004.jpg","red","red","red","red"
"112401.jpg","green","cyan","blue","white"
"125703.jpg","black","black","black","red"
"136701.jpg","blue","white","white","white"
"130802.jpg","white","white","red","white"
"147101.jpg","white","white","white","white"
"137703.jpg","black","white","white","yellow"
"115902.jpg","black","yellow","yellow","blue"
"122705.jpg","white","white","red","red"
"127901.jpg","black","white","white","cyan"
"107301.jpg","white","cyan","green","cyan"
"140900.jpg","yellow","yellow","yellow","yellow"
"131803.jpg","black","black","red","red"
"117501.jpg","white","yellow","yellow","white"
"128001.jpg","green","green","green","green"
"126801.jpg","black","red","yellow","yellow"
"141001.jpg","black","white","cyan","cyan"
"126808.jpg","white","black","white","white"
"144500.jpg","black","red","red","red"
"100200.jpg","green","green","green","green"
"119702.jpg","blue","cyan","red","yellow"
"103902.jpg","green","green","green","green"
"134101.jpg","black","black","red","red"
"119001.jpg","blue","cyan","white","white"
"112402.jpg","cyan","green","blue","green"
"146001.jpg","white","white","white","white"
"109802.jpg","red","red","red","red"
"113402.jpg","white","white","white","cyan"
"102303.jpg","black","green","yellow","yellow"
"100503.jpg","green","white","cyan","green"
"118802.jpg","red","red","white","red"
"146206.jpg","white","white","white","black"
"132508.jpg","white","blue","red","red"
"121500.jpg","black","red","red","cyan"
"138401.jpg","red","red","yellow","white"
"121403.jpg","black","white","white","white"
"140400.jpg","blue","cyan","cyan","yellow"
"108104.jpg","white","white","yellow","yellow"
"108100.jpg","white","yellow","yellow","red"
"146202.jpg","white","white","green","white"
"122001.jpg","yellow","cyan","cyan","yellow"
"129701.jpg","yellow","yellow","yellow","black"
"138603.jpg","white","white","white","white"
"140401.jpg","blue","cyan","white","cyan"
"102401.jpg","green","yellow","green","yellow"
"136202.jpg","blue","white","white","black"
"148200.jpg","white","black","green","green"
"132001.jpg","yellow","black","white","white"
"135801.jpg","yellow","yellow","green","green"
"115201.jpg","yellow","yellow","yellow","blue"
"110001.jpg","white","black","green","green"
"129901.jpg","white","white","white","red"
"114601.jpg","blue","yellow","yellow","yellow"
"131000.jpg","yellow","red","black","blue"
"138301.jpg","black","white","red","red"
"106300.jpg","white","black","cyan","cyan"
"127301.jpg","white","white","white","white"
"137705.jpg","red","yellow","yellow","white"
"129202.jpg","white","white","white","white"
"113001.jpg","white","white","black","white"
"134503.jpg","white","green","green","green"
"139202.jpg","red","red","red","red"
"148400.jpg","black","white","white","white"
"141202.jpg","yellow","yellow","yellow","black"
"136702.jpg","white","white","white","white"
"114101.jpg","white","yellow","black","white"
"148700.jpg","green","white","white","green"
"136901.jpg","yellow","yellow","yellow","yellow"
"114002.jpg","black","black","red","white"
"101404.jpg","white","black","white","red"
"127502.jpg","black","white","white","yellow"
"132800.jpg","white","black","white","white"
"147901.jpg","red","red","red","white"
"131900.jpg","blue","blue","green","green"
"137201.jpg","black","yellow","red","white"
"114401.jpg","red","yellow","red","red"
"112302.jpg","blue","green","black","blue"
"138203.jpg","white","white","white","white"
"108106.jpg","red","red","red","red"
"133001.jpg","white","green","white","black"
"113501.jpg","white","white","green","white"
"141501.jpg","black","red","red","red"
"139800.jpg","green","cyan","cyan","yellow"
"135100.jpg","green","green","green","green"
"122504.jpg","black","white","white","white"
